александр;ААЛФЕРОВА;Абаканский филиал заочного обучения Сибирского юридического института Министерства внутренних дел Российской Федерации;CS1;1
николай;ААЛЬ;Абаканский филиал Современной гуманитарной академии;CS2;2
иван;ААМАН;Агинский филиал Бурятского государственного университета;CS3;3
сергей;ААМАНА;Агинский филиал Бурятской государственной сельскохозяйственной академии;CS4;4
владимир;ААМАНАЯ;Агинский филиал Восточно-Сибирского государственного технологического университета;CS5;5
михаил;ААМАНИЙ;Агинский филиал Забайкальского государственного гуманитарно-педагогического университета им. Н.Г. Чернышевского;CS6;6
василий;ААНДРЕЕВА;Агинский филиал Современной гуманитарной академии;CS7;1
елена;ААРОН;Адыгейский государственный университет;CS8;2
татьяна;ААРОНОВА;Адыгейский филиал Кубанского государственного медицинского университета Федерального агентства по здравоохранению и социальному развитию в г. Майкопе;CS9;3
алексей;АБ;Адыгейский филиал Московского открытого социального университета (института);CS10;4
андрей;АБ-ГАНЕЕВ;Адыгейский филиал Северо-Кавказской академии государственной службы в г. Майкопе;CS11;5
наталья;АБ-ГАНЕЕВА;Адыгейский филиал Южно-Российского государственного технического университета (Новочеркасского политехнического института);CS12;6
ольга;АБАБАКИРОВА;Азово-Черноморская государственная агроинженерная академия;CS13;1
дмитрий;АБАБИЛОВ;Азовский институт экономики, управления и права - филиал Ростовского государственного экономического университета РИНХ;CS14;2
мария;АБАБИЛОВА;Азовский технологический институт (филиал) Донского государственного технического университета;CS15;3
виктор;АБАБКОВ;Азовский филиал Евразийского открытого института;CS16;4
анна;АБАБКОВА;Академический институт прикладной энергетики;CS17;5
ирина;АБАГАЕВА;Академический правовой университет (институт);CS18;6
светлана;АБАГАН;Академический физико-технологический университет Российской академии наук;CS19;1
валентина;АБАГОВА;Академия адвокатуры;CS20;2
юрий;АБАГЯН;Академия акмеологии менеджмента и бизнес-образования;CS21;3
петр;АБАДАЕВ;Академия безопасности и права;CS22;4
людмила;АБАДАЕВА;Академия бизнеса и предпринимательства;CS23;5
анатолий;АБАДАШЕВ;Академия бюджета и казначейства Министерства финансов Российской Федерации;CS24;6
галина;АБАДЕЕВА;Академия Государственной противопожарной службы Министерства Российской Федерации по делам гражданской обороны, чрезвычайным ситуациям и ликвидации последствий стихийных бедствий;CS25;1
павел;АБАДЕНКОВ;Академия гражданской защиты Министерства Российской Федерации по делам гражданской обороны, чрезвычайным ситуациям и ликвидации последствий стихийных бедствий;CS26;2
игорь;АБАДЖАН;Академия Гуманитарного Образования (институт);CS27;3
нина;АБАДЖЕВ;Академия Континент (институт);CS28;4
евгений;АБАДЖЕВА;Академия маркетинга и социально-информационных технологий - ИМСИТ (г. Краснодар);CS29;5
олег;АБАДЖИДИ;Академия медико-социального управления;CS30;6
екатерина;АБАДЖЯН;Академия международного учета;CS31;1
надежда;АБАДЗИДЕ;Академия менеджмента инноваций (АМИ) (институт);CS32;2
александра;АБАДУЛИНА;Академия народного хозяйства при Правительстве Российской Федерации;CS33;3
валерий;АБАЕВ;Академия национального образования;CS34;4
вера;АБАЕВА;Академия национальной безопасности, обороны и правопорядка (институт);CS35;5
виталий;АБАЖАЕВ;Академия права и управления (институт);CS36;6
марина;АБАЖАЕВА;Академия права и управления Федеральной службы исполнения наказаний;CS37;1
тамара;АБАЗАВА;Академия профессионального мастерства искусств;CS38;2
григорий;АБАЗАДЗЕ;Академия Русского балета имени А.Я. Вагановой;CS39;3
федор;АБАЗАРЛИ;Академия социального образования (КСЮИ);CS40;4
любовь;АБАЗИН;Академия социального управления;CS41;5
борис;АБАЗИНА;Академия стран Тихоокеанского региона;CS42;6
геннадий;АБАЗОВ;Академия труда и социальных отношений;CS43;1
юлия;АБАЗОВА;Академия управления Министерства внутренних дел Российской Федерации;CS44;2
леонид;АБАЗОВСКАЯ;Академия управления ТИСБИ;CS45;3
константин;АБАЗЬЕВА;Академия управления, медицины и права им. Святослава Федорова;CS46;4
лидия;АБАЗЯН;Академия Федеральной службы безопасности Российской Федерации;CS47;5
вячеслав;АБАИМОВ;Академия Федеральной службы охраны Российской Федерации;CS48;6
антонина;АБАИМОВА;Академия хорового искусства;CS49;1
анастасия;АБАЙДУЛИН;Академия эвритмического искусства (институт);CS50;2
оксана;АБАЙДУЛИНА;Академия экономической безопасности Министерства внутренних дел Российской Федерации;CS51;3
